zip_code,bedrooms,market_rate
14001,1,850
14001,1,1800
14004,1,1800
14004,1,1669
14004,1,1750
14006,1,1395
14006,1,1100
14008,1,1050
14010,1,1290
14010,1,1360
14010,1,1280
14010,1,1210
14010,1,1050
14010,1,925
14013,1,950
14013,1,850
14025,1,875
14026,1,1588
14028,1,1050
14031,1,1750
14031,1,2007
14031,1,1588
14031,1,1496
14031,1,1878
14031,1,1050
14031,1,1750
14032,1,1050
14032,1,1878
14032,1,1750
14032,1,1750
14033,1,875
14034,1,1150
14034,1,800
14043,1,1588
14043,1,1338
14043,1,1150
14043,1,1395
14043,1,1085
14043,1,1100
14043,1,1025
14043,1,1150
14043,1,1095
14043,1,1115
14047,1,1395
14051,1,1878
14051,1,1380
14051,1,1050
14052,1,1800
14052,1,1310
14052,1,1338
14052,1,1150
14052,1,1540
14052,1,1450
14052,1,1600
14052,1,1225
14055,1,1100
14057,1,1395
14057,1,875
14059,1,1150
14059,1,1310
14059,1,1338
14059,1,1150
14059,1,1800
14059,1,1625
14059,1,1115
14061,1,1100
14067,1,700
14068,1,1130
14068,1,1350
14068,1,1130
14070,1,1150
14070,1,800
14072,1,1656
14072,1,850
14072,1,950
14072,1,1695
14072,1,1600
14072,1,1150
14072,1,1282
14072,1,1075
14072,1,1005
14072,1,1325
14075,1,1360
14075,1,1210
14075,1,1050
14075,1,925
14075,1,1285
14075,1,1310
14075,1,1290
14075,1,1280
14075,1,1175
14075,1,1540
14075,1,1450
14081,1,1100
14081,1,800
14085,1,1395
14086,1,1669
14086,1,1095
14086,1,2007
14086,1,1588
14086,1,1496
14086,1,1380
14086,1,1338
14086,1,1150
14086,1,1395
14092,1,1380
14092,1,750
14094,1,807
14094,1,1075
14094,1,835
14094,1,835
14094,1,800
14094,1,950
14094,1,900
14094,1,1695
14094,1,1190
14094,1,1460
14094,1,1150
14094,1,1878
14094,1,1075
14094,1,925
14095,1,807
14095,1,1075
14095,1,835
14095,1,835
14095,1,800
14095,1,950
14095,1,900
14103,1,950
14103,1,850
14103,1,695
14103,1,850
14103,1,3600
14105,1,950
14105,1,850
14105,1,695
14105,1,850
14105,1,3600
14107,1,1380
14108,1,1050
14110,1,875
14111,1,1100
14111,1,875
14120,1,1695
14120,1,1190
14120,1,1460
14120,1,1150
14120,1,995
14120,1,1075
14120,1,1000
14120,1,1295
14120,1,1656
14120,1,1495
14120,1,1878
14120,1,807
14120,1,1275
14120,1,1075
14127,1,1310
14127,1,1290
14127,1,1280
14127,1,1175
14127,1,1540
14127,1,1450
14127,1,1000
14127,1,1285
14127,1,1360
14127,1,1210
14127,1,1000
14127,1,1050
14127,1,925
14127,1,1050
14139,1,1800
14140,1,1338
14140,1,1150
14140,1,1800
14140,1,1150
14141,1,1100
14141,1,875
14144,1,1380
14150,1,1075
14150,1,1005
14150,1,875
14150,1,925
14150,1,750
14150,1,950
14150,1,1250
14150,1,1695
14150,1,1600
14150,1,1295
14150,1,1656
14150,1,1495
14150,1,1282
14150,1,1295
14151,1,1695
14151,1,1190
14151,1,1460
14151,1,1600
14151,1,1150
14151,1,1075
14151,1,1005
14170,1,1540
14174,1,1380
14201,1,1320
14201,1,1620
14201,1,1175
14201,1,1575
14201,1,1000
14201,1,1350
14201,1,1375
14201,1,1760
14201,1,1295
14201,1,1751
14201,1,1850
14201,1,1750
14201,1,1450
14201,1,1095
14202,1,1850
14202,1,1750
14202,1,1275
14202,1,1425
14202,1,875
14202,1,1110
14202,1,1550
14202,1,1760
14202,1,1320
14202,1,1620
14202,1,1295
14202,1,1751
14202,1,1450
14202,1,1370
14203,1,1760
14203,1,1751
14203,1,1575
14203,1,1900
14203,1,1700
14203,1,1200
14203,1,2055
14203,1,1320
14203,1,1620
14203,1,1525
14203,1,1300
14203,1,1295
14203,1,1850
14203,1,1750
14204,1,1370
14204,1,1825
14204,1,1490
14204,1,1390
14204,1,1075
14204,1,1760
14204,1,1295
14204,1,1751
14204,1,1850
14204,1,1750
14204,1,1450
14204,1,1095
14205,1,1760
14205,1,1320
14205,1,1620
14205,1,1282
14205,1,1525
14205,1,1300
14205,1,1295
14206,1,900
14206,1,750
14206,1,1000
14206,1,750
14206,1,1760
14206,1,1295
14206,1,1751
14206,1,1850
14206,1,1750
14206,1,1450
14206,1,1370
14207,1,1600
14207,1,995
14207,1,1250
14207,1,1500
14207,1,1150
14207,1,850
14207,1,850
14207,1,1282
14207,1,1525
14207,1,1300
14207,1,1095
14207,1,1395
14207,1,1275
14207,1,100
14208,1,100
14208,1,1200
14208,1,1343
14208,1,1524
14208,1,1600
14208,1,1525
14208,1,1300
14208,1,1295
14208,1,1850
14208,1,1575
14208,1,1395
14208,1,1275
14209,1,1525
14209,1,1300
14209,1,1295
14209,1,1395
14209,1,1275
14209,1,1650
14209,1,1580
14209,1,1620
14209,1,1282
14209,1,1751
14209,1,1850
14209,1,1450
14209,1,1095
14209,1,1575
14210,1,1495
14210,1,1050
14210,1,1050
14210,1,850
14210,1,875
14210,1,1425
14210,1,1595
14210,1,1760
14210,1,1750
14210,1,1370
14210,1,1000
14210,1,1900
14210,1,1825
14210,1,1575
14211,1,850
14211,1,850
14211,1,850
14211,1,1525
14211,1,1300
14211,1,1295
14211,1,1751
14211,1,1850
14211,1,1750
14211,1,1450
14212,1,650
14212,1,975
14212,1,940
14212,1,1295
14212,1,1751
14212,1,1750
14212,1,1450
14212,1,1575
14212,1,1900
14212,1,1275
14213,1,1700
14213,1,1700
14213,1,1200
14213,1,1200
14213,1,950
14213,1,900
14213,1,1600
14213,1,1320
14213,1,1620
14213,1,1295
14213,1,1751
14213,1,1850
14213,1,1750
14213,1,1450
14214,1,1000
14214,1,1050
14214,1,800
14214,1,1175
14214,1,1095
14214,1,1250
14214,1,1025
14214,1,1282
14214,1,1525
14214,1,1300
14214,1,1095
14214,1,1395
14214,1,1275
14214,1,100
14215,1,950
14215,1,650
14215,1,875
14215,1,1250
14215,1,1295
14215,1,1000
14215,1,1325
14215,1,1025
14215,1,1250
14215,1,2500
14215,1,850
14216,1,1282
14216,1,1325
14216,1,1250
14216,1,1025
14216,1,850
14216,1,1050
14216,1,1600
14216,1,1600
14216,1,1275
14216,1,1200
14216,1,1700
14216,1,1700
14216,1,1000
14216,1,1000
14217,1,1000
14217,1,900
14217,1,1600
14217,1,1005
14217,1,875
14217,1,1050
14217,1,1050
14217,1,1050
14217,1,1325
14218,1,925
14218,1,800
14218,1,1100
14218,1,890
14218,1,1100
14218,1,1150
14218,1,800
14218,1,1285
14218,1,1000
14218,1,1050
14218,1,1600
14218,1,850
14218,1,1075
14218,1,1050
14219,1,950
14219,1,1175
14219,1,1360
14219,1,1280
14219,1,1175
14219,1,925
14219,1,800
14219,1,1100
14219,1,890
14220,1,795
14220,1,900
14220,1,795
14220,1,1370
14220,1,1495
14220,1,1825
14220,1,1050
14220,1,1050
14220,1,850
14220,1,1075
14221,1,2007
14221,1,1400
14221,1,1496
14221,1,1380
14221,1,1075
14221,1,2775
14221,1,2100
14221,1,1295
14221,1,1588
14221,1,1495
14221,1,1295
14221,1,1275
14221,1,1295
14221,1,1325
14222,1,1095
14222,1,600
14222,1,1300
14222,1,1750
14222,1,2500
14222,1,3450
14222,1,975
14223,1,1050
14223,1,1050
14223,1,1050
14223,1,1050
14223,1,1075
14223,1,1025
14223,1,1250
14223,1,1295
14223,1,1005
14223,1,875
14223,1,1325
14223,1,1025
14223,1,850
14223,1,1150
14224,1,1285
14224,1,1450
14224,1,1000
14224,1,1075
14224,1,1050
14224,1,900
14224,1,1310
14224,1,1175
14224,1,1338
14224,1,1150
14224,1,1050
14224,1,925
14224,1,1600
14225,1,1195
14225,1,2007
14225,1,1588
14225,1,1400
14225,1,1496
14225,1,1395
14225,1,1295
14225,1,1075
14226,1,1295
14226,1,1295
14226,1,2500
14226,1,2600
14226,1,850
14226,1,1295
14226,1,1495
14226,1,1275
14226,1,1075
14226,1,1325
14226,1,1130
14226,1,950
14227,1,1115
14227,1,1338
14227,1,1150
14227,1,1395
14227,1,1050
14227,1,850
14227,1,1085
14227,1,850
14228,1,1295
14228,1,1495
14228,1,1275
14228,1,1130
14228,1,1350
14228,1,1130
14228,1,1190
14228,1,1460
14228,1,1400
14228,1,1878
14228,1,1295
14228,1,1075
14228,1,1005
14231,1,1588
14231,1,1400
14231,1,1496
14231,1,1380
14231,1,1295
14231,1,1075
14231,1,1130
14233,1,1760
14233,1,1320
14233,1,1620
14233,1,1525
14233,1,1300
14233,1,1295
14233,1,1751
14240,1,1760
14240,1,1620
14240,1,1282
14240,1,1525
14240,1,1300
14240,1,1295
14240,1,1751
14260,1,1295
14260,1,1495
14260,1,1400
14260,1,1295
14260,1,1275
14260,1,1295
14260,1,1075
14261,1,1190
14261,1,1460
14261,1,1295
14261,1,1495
14261,1,1400
14261,1,1295
14261,1,1275
14263,1,1760
14263,1,1320
14263,1,1620
14263,1,1282
14263,1,1525
14263,1,1300
14263,1,1295
14272,1,2007
14272,1,1588
14272,1,1496
14272,1,1338
14272,1,1150
14272,1,1395
14272,1,1075
14273,1,1760
14273,1,1320
14273,1,1620
14273,1,1282
14273,1,1525
14273,1,1300
14273,1,1295
14280,1,1760
14280,1,1320
14280,1,1620
14280,1,1282
14280,1,1525
14280,1,1300
14280,1,1295
14301,1,1325
14301,1,800
14301,1,1300
14301,1,875
14301,1,1100
14301,1,1050
14301,1,650
14301,1,975
14301,1,900
14301,1,950
14301,1,450
14301,1,1300
14301,1,975
14301,1,750
14302,1,1325
14302,1,800
14302,1,975
14302,1,1300
14302,1,875
14302,1,1100
14302,1,1050
14303,1,975
14303,1,900
14303,1,950
14303,1,450
14303,1,1300
14303,1,975
14303,1,400
14303,1,1325
14303,1,800
14303,1,1300
14303,1,875
14303,1,1100
14303,1,1050
14303,1,650
14304,1,950
14304,1,1695
14304,1,1150
14304,1,800
14304,1,975
14304,1,1300
14304,1,1075
14304,1,875
14305,1,750
14305,1,750
14305,1,1325
14305,1,800
14305,1,975
14305,1,1300
14305,1,875
14305,1,1100
14305,1,1050
91901,1,2030
91901,1,1998
91901,1,1850
91901,1,1800
91901,1,1945
91901,1,1550
91901,1,1900
91901,1,1585
91901,1,2075
91901,1,3500
91901,1,1750
91901,1,2500
91902,1,1995
91902,1,1900
91902,1,2400
91902,1,2750
91902,1,2045
91902,1,2445
91902,1,3579
91902,1,2380
91902,1,2454
91902,1,2295
91902,1,2295
91902,1,1995
91903,1,2030
91903,1,1998
91903,1,1800
91903,1,1945
91905,1,1550
91905,1,2100
91906,1,2100
91908,1,2445
91908,1,3579
91908,1,2025
91908,1,2380
91908,1,2454
91908,1,2901
91908,1,2080
91910,1,2445
91910,1,2380
91910,1,2454
91910,1,2295
91910,1,1995
91910,1,2391
91910,1,1900
91911,1,2025
91911,1,2095
91911,1,2080
91911,1,2495
91911,1,1850
91911,1,2500
91911,1,1800
91911,1,2295
91911,1,2423
91911,1,2380
91911,1,2454
91911,1,2451
91911,1,1995
91911,1,2554
91912,1,2445
91912,1,2295
91912,1,2025
91912,1,2545
91912,1,2380
91912,1,2454
91912,1,2095
91913,1,2423
91913,1,2451
91913,1,2554
91913,1,2415
91913,1,2898
91913,1,2421
91913,1,2319
91913,1,2295
91913,1,2380
91913,1,2901
91913,1,2495
91913,1,2583
91913,1,2401
91913,1,2295
91914,1,2661
91914,1,2100
91914,1,3579
91914,1,2080
91914,1,2901
91914,1,2385
91914,1,2295
91914,1,2554
91914,1,2415
91915,1,2901
91915,1,2583
91915,1,2401
91915,1,2715
91915,1,2564
91915,1,2776
91915,1,2000
91915,1,2524
91915,1,2661
91915,1,2200
91915,1,2200
91915,1,2100
91915,1,2100
91915,1,2000
91916,1,1550
91916,1,2030
91916,1,1850
91916,1,1800
91916,1,2100
91916,1,1945
91917,1,2776
91921,1,3579
91921,1,2423
91921,1,2901
91921,1,2451
91921,1,2583
91921,1,2401
91921,1,2295
91931,1,1550
91932,1,1895
91932,1,2395
91932,1,2095
91932,1,1800
91932,1,1900
91932,1,2200
91932,1,2200
91932,1,1950
91932,1,1895
91932,1,2100
91932,1,1900
91933,1,2055
91933,1,2025
91933,1,2454
91933,1,2095
91933,1,2080
91933,1,1850
91933,1,1995
91935,1,2075
91935,1,2500
91935,1,2080
91935,1,1930
91935,1,2423
91935,1,2045
91935,1,2030
91935,1,2901
91935,1,2204
91941,1,2295
91941,1,2017
91941,1,1805
91941,1,2593
91941,1,2049
91941,1,2800
91941,1,1995
91941,1,2530
91941,1,2095
91941,1,2080
91941,1,2279
91941,1,2084
91941,1,2265
91941,1,2385
91942,1,2095
91942,1,2325
91942,1,2195
91942,1,2440
91942,1,2318
91942,1,1995
91942,1,2240
91943,1,2530
91943,1,2095
91943,1,2295
91943,1,2080
91943,1,1930
91943,1,2204
91943,1,2084
91944,1,2530
91944,1,2095
91944,1,2295
91944,1,2080
91944,1,2204
91944,1,2084
91944,1,2265
91945,1,2530
91945,1,1999
91945,1,1795
91945,1,2264
91945,1,1790
91945,1,2500
91945,1,2150
91945,1,2295
91945,1,2017
91945,1,1805
91945,1,1904
91945,1,1795
91945,1,2015
91945,1,2049
91946,1,2530
91946,1,2095
91946,1,3579
91946,1,2295
91946,1,2080
91946,1,2204
91946,1,2084
91948,1,1550
91948,1,2100
91950,1,2545
91950,1,2295
91950,1,2035
91950,1,1815
91950,1,1725
91950,1,1650
91950,1,1650
91950,1,2295
91950,1,2380
91950,1,2454
91950,1,1995
91950,1,2250
91950,1,2391
91950,1,1900
91951,1,2295
91951,1,2759
91951,1,2769
91951,1,2545
91951,1,2380
91951,1,2454
91951,1,2095
91962,1,2100
91962,1,1550
91962,1,1850
91962,1,1550
91976,1,2530
91976,1,2095
91976,1,3579
91976,1,2295
91976,1,2080
91976,1,2204
91976,1,2279
91977,1,3579
91977,1,2080
91977,1,2036
91977,1,1904
91977,1,1695
91977,1,1795
91977,1,1873
91977,1,2530
91977,1,2095
91977,1,2295
91977,1,2385
91977,1,2325
91977,1,2195
91977,1,2250
91978,1,2385
91978,1,1795
91978,1,2095
91978,1,2080
91978,1,2279
91978,1,2036
91978,1,2221
91978,1,1904
91978,1,1873
91978,1,1895
91979,1,2530
91979,1,3579
91979,1,2295
91979,1,2080
91979,1,2279
91979,1,2385
91979,1,2325
92003,1,1875
92003,1,2495
92003,1,2300
92003,1,1950
92003,1,1800
92003,1,1780
92003,1,2400
92003,1,2500
92004,1,1600
92004,1,1200
92004,1,1250
92004,1,691
92004,1,726
92004,1,900
92004,1,1300
92004,1,1550
92004,1,1300
92007,1,2545
92007,1,2200
92007,1,3700
92007,1,3900
92007,1,2550
92007,1,2799
92007,1,5500
92007,1,2995
92007,1,4500
92007,1,2700
92007,1,3500
92007,1,2700
92007,1,4395
92008,1,2790
92008,1,1895
92008,1,2721
92008,1,2300
92008,1,2100
92008,1,3499
92008,1,2495
92008,1,2920
92008,1,3650
92008,1,3035
92008,1,2250
92008,1,2783
92008,1,2648
92008,1,2200
92009,1,2510
92009,1,4500
92009,1,2350
92009,1,3795
92009,1,2395
92009,1,2700
92009,1,3500
92009,1,2599
92009,1,3270
92009,1,2625
92009,1,3050
92009,1,2534
92009,1,2549
92009,1,2760
92010,1,3035
92010,1,2783
92010,1,2126
92010,1,2098
92010,1,2250
92010,1,2295
92010,1,2790
92010,1,2545
92010,1,2250
92010,1,2395
92010,1,2450
92010,1,2200
92010,1,2200
92011,1,2890
92011,1,4750
92011,1,2760
92011,1,2850
92011,1,2000
92011,1,2790
92011,1,3488
92011,1,4500
92011,1,3795
92011,1,2250
92011,1,3600
92011,1,2800
92013,1,2790
92013,1,2510
92013,1,2389
92013,1,2890
92013,1,3270
92013,1,3050
92013,1,4750
92014,1,2800
92014,1,2950
92014,1,4700
92014,1,4700
92014,1,3600
92014,1,2600
92014,1,6500
92014,1,3290
92014,1,2695
92014,1,3265
92014,1,3060
92014,1,3195
92014,1,3181
92014,1,2701
92018,1,3300
92018,1,2920
92018,1,3650
92018,1,3035
92018,1,2790
92018,1,2783
92018,1,2245
92019,1,2279
92019,1,2221
92019,1,1795
92019,1,1525
92019,1,2495
92019,1,1595
92019,1,2300
92019,1,2080
92019,1,1930
92019,1,2045
92019,1,2030
92019,1,1700
92019,1,2041
92019,1,2167
92020,1,2204
92020,1,1878
92020,1,2122
92020,1,2066
92020,1,1795
92020,1,1795
92020,1,1845
92020,1,2530
92020,1,2295
92020,1,1930
92020,1,2045
92020,1,2279
92020,1,1700
92020,1,2041
92021,1,2045
92021,1,2041
92021,1,2167
92021,1,2069
92021,1,1988
92021,1,1921
92021,1,2019
92021,1,1930
92021,1,2030
92021,1,2204
92021,1,1700
92021,1,1878
92021,1,1998
92021,1,2150
92022,1,2295
92022,1,1930
92022,1,2045
92022,1,2204
92022,1,2279
92022,1,1700
92022,1,2041
92023,1,2695
92023,1,3195
92023,1,3270
92023,1,2701
92023,1,3050
92023,1,2400
92023,1,2545
92024,1,3270
92024,1,3050
92024,1,3488
92024,1,2695
92024,1,2750
92024,1,3900
92024,1,2350
92024,1,2510
92024,1,2890
92024,1,4750
92024,1,2549
92024,1,2760
92024,1,2400
92024,1,2545
92025,1,3460
92025,1,1825
92025,1,2102
92025,1,1945
92025,1,2295
92025,1,1995
92025,1,1557
92025,1,2378
92025,1,1800
92025,1,2400
92025,1,1799
92025,1,2150
92025,1,2227
92025,1,2190
92026,1,1800
92026,1,2400
92026,1,1799
92026,1,2227
92026,1,2190
92026,1,2350
92026,1,2461
92026,1,2378
92026,1,3460
92026,1,1825
92026,1,2102
92026,1,2382
92026,1,1945
92026,1,2295
92027,1,2378
92027,1,1995
92027,1,1995
92027,1,2125
92027,1,2250
92027,1,1950
92027,1,1950
92027,1,3460
92027,1,1825
92027,1,1835
92027,1,1936
92027,1,1800
92027,1,2400
92027,1,2102
92028,1,1830
92028,1,1800
92028,1,1750
92028,1,2500
92028,1,1950
92028,1,2195
92028,1,2050
92028,1,2425
92028,1,2400
92028,1,2295
92028,1,1950
92028,1,2190
92028,1,2099
92028,1,1875
92029,1,2734
92029,1,2255
92029,1,5500
92029,1,2378
92029,1,3460
92029,1,1825
92029,1,1800
92029,1,2400
92029,1,2102
92029,1,1799
92030,1,2378
92030,1,3460
92030,1,1825
92030,1,1800
92030,1,2400
92030,1,2102
92030,1,1799
92033,1,2378
92033,1,3460
92033,1,1825
92033,1,1800
92033,1,2400
92033,1,2102
92033,1,1799
92036,1,1550
92036,1,1350
92036,1,1295
92036,1,1835
92036,1,2030
92036,1,1936
92036,1,1998
92036,1,2028
92036,1,2495
92036,1,1577
92037,1,2990
92037,1,2200
92037,1,2985
92037,1,3350
92037,1,2500
92037,1,4440
92037,1,2495
92037,1,3245
92037,1,3290
92037,1,2759
92037,1,2605
92037,1,2834
92037,1,2564
92037,1,2915
92038,1,3245
92038,1,2564
92038,1,2760
92038,1,2395
92038,1,2990
92038,1,2700
92038,1,2200
92039,1,3165
92039,1,2564
92039,1,2760
92039,1,2395
92039,1,2990
92039,1,2700
92039,1,2200
92040,1,1700
92040,1,1695
92040,1,1795
92040,1,1577
92040,1,2195
92040,1,2000
92040,1,2000
92040,1,2815
92040,1,1930
92040,1,2045
92040,1,2030
92040,1,2204
92040,1,2041
92040,1,2167
92046,1,2378
92046,1,3460
92046,1,1825
92046,1,1800
92046,1,2400
92046,1,2102
92046,1,1799
92049,1,3300
92049,1,3650
92049,1,3035
92049,1,2400
92049,1,2245
92049,1,2495
92049,1,1895
92051,1,3300
92051,1,2920
92051,1,3650
92051,1,3035
92051,1,2400
92051,1,2245
92051,1,2295
92052,1,3300
92052,1,2920
92052,1,3650
92052,1,3035
92052,1,2400
92052,1,2245
92052,1,2295
92054,1,3300
92054,1,3650
92054,1,1900
92054,1,2245
92054,1,2495
92054,1,2195
92054,1,1990
92055,1,2400
92055,1,2439
92055,1,1800
92055,1,2495
92055,1,1900
92055,1,2288
92055,1,2392
92056,1,2920
92056,1,2415
92056,1,2295
92056,1,2275
92056,1,2317
92056,1,2187
92056,1,2445
92056,1,2581
92056,1,3035
92056,1,2400
92056,1,2765
92056,1,2602
92056,1,2545
92056,1,2250
92057,1,2495
92057,1,2390
92057,1,2288
92057,1,2148
92057,1,2581
92057,1,2920
92057,1,2400
92057,1,2602
92057,1,2415
92057,1,2545
92057,1,2680
92058,1,2400
92058,1,1900
92058,1,1795
92058,1,1795
92058,1,1799
92058,1,1899
92058,1,1800
92058,1,3300
92058,1,2581
92058,1,2920
92058,1,3650
92058,1,3035
92058,1,2765
92058,1,2602
92059,1,1950
92059,1,2200
92060,1,3000
92060,1,985
92061,1,3000
92061,1,985
92061,1,1895
92061,1,2200
92061,1,2400
92064,1,2815
92064,1,2350
92064,1,2795
92064,1,2300
92064,1,2195
92064,1,2450
92064,1,2281
92064,1,2850
92064,1,2565
92064,1,3167
92064,1,2150
92064,1,2595
92064,1,2555
92064,1,2220
92065,1,1835
92065,1,1936
92065,1,2028
92065,1,1350
92065,1,1200
92065,1,3500
92065,1,1600
92065,1,2815
92065,1,2565
92065,1,2378
92065,1,3460
92065,1,1825
92065,1,1800
92065,1,1700
92066,1,1600
92066,1,1200
92067,1,7500
92067,1,2994
92067,1,2695
92067,1,3195
92067,1,2510
92067,1,3186
92067,1,2800
92067,1,3270
92068,1,2920
92068,1,3650
92068,1,3035
92068,1,2400
92068,1,2415
92068,1,2783
92068,1,2245
92069,1,2400
92069,1,2625
92069,1,2271
92069,1,2534
92069,1,1998
92069,1,1950
92069,1,1995
92069,1,1825
92069,1,1800
92069,1,2545
92069,1,2400
92069,1,2102
92069,1,1799
92069,1,2450
92070,1,1835
92070,1,1936
92070,1,2028
92070,1,2195
92070,1,3000
92070,1,1350
92070,1,985
92071,1,1930
92071,1,2150
92071,1,1995
92071,1,2360
92071,1,2298
92071,1,1795
92071,1,2050
92071,1,2045
92071,1,2204
92071,1,1700
92071,1,2041
92071,1,2167
92071,1,1878
92071,1,2069
92072,1,1930
92072,1,2045
92072,1,2204
92072,1,1700
92072,1,2041
92072,1,2167
92072,1,1878
92074,1,2815
92074,1,2565
92074,1,2350
92074,1,2555
92074,1,2795
92074,1,2300
92074,1,2500
92075,1,2695
92075,1,3195
92075,1,2701
92075,1,2400
92075,1,3400
92075,1,7500
92075,1,5750
92075,1,2550
92075,1,4700
92075,1,4700
92075,1,3005
92078,1,2382
92078,1,2599
92078,1,2099
92078,1,2350
92078,1,2176
92078,1,2210
92078,1,2549
92078,1,1800
92078,1,2400
92078,1,2250
92078,1,1799
92078,1,2450
92078,1,2200
92078,1,2200
92079,1,2382
92079,1,2599
92079,1,1900
92079,1,2099
92079,1,2350
92079,1,2190
92079,1,2176
92081,1,2250
92081,1,2450
92081,1,2200
92081,1,2595
92081,1,2588
92081,1,1952
92081,1,2389
92081,1,2765
92081,1,2415
92081,1,2545
92081,1,2813
92081,1,2395
92081,1,2584
92081,1,2200
92082,1,2195
92082,1,1895
92082,1,2000
92082,1,2378
92082,1,3460
92082,1,1825
92082,1,1800
92082,1,2545
92082,1,2400
92082,1,2102
92083,1,2602
92083,1,2545
92083,1,2680
92083,1,2200
92083,1,2295
92083,1,2000
92083,1,2435
92083,1,2581
92083,1,2920
92083,1,2765
92083,1,2415
92083,1,2250
92083,1,2813
92083,1,2395
92084,1,2581
92084,1,2395
92084,1,2584
92084,1,2100
92084,1,1971
92084,1,2095
92084,1,2624
92084,1,2602
92084,1,2415
92084,1,2545
92084,1,2250
92084,1,2680
92084,1,2450
92084,1,2200
92085,1,2581
92085,1,2602
92085,1,2415
92085,1,2545
92085,1,2250
92085,1,2680
92085,1,2395
92086,1,2425
92086,1,2565
92086,1,2378
92086,1,3460
92086,1,1835
92086,1,1936
92086,1,2028
92088,1,1830
92088,1,1800
92088,1,1750
92088,1,2500
92088,1,2195
92088,1,2050
92088,1,1895
92091,1,5500
92091,1,2695
92091,1,3195
92091,1,2510
92091,1,3270
92091,1,2701
92091,1,2400
92091,1,3400
92092,1,2350
92092,1,2700
92092,1,2395
92096,1,2382
92096,1,2599
92096,1,1900
92096,1,2099
92096,1,2350
92096,1,2190
92096,1,2734
92101,1,2769
92101,1,3448
92101,1,2759
92101,1,2987
92101,1,3460
92101,1,3475
92101,1,3299
92102,1,2295
92102,1,1995
92102,1,2195
92102,1,1750
92102,1,1885
92102,1,2025
92102,1,1750
92103,1,2495
92103,1,2995
92103,1,2395
92103,1,2249
92103,1,2595
92103,1,2849
92103,1,2095
92104,1,2895
92104,1,2550
92104,1,2650
92104,1,2745
92104,1,3110
92104,1,2195
92104,1,2150
92105,1,3579
92105,1,1895
92105,1,1845
92105,1,2000
92105,1,1800
92105,1,1895
92105,1,1750
92106,1,2279
92106,1,2505
92106,1,2100
92106,1,2350
92106,1,2995
92106,1,2500
92106,1,2250
92106,1,2855
92106,1,2584
92106,1,2420
92106,1,2705
92106,1,2695
92106,1,2201
92106,1,2715
92107,1,2705
92107,1,2695
92107,1,2201
92107,1,2195
92107,1,2177
92107,1,2345
92107,1,2445
92108,1,3280
92108,1,2895
92108,1,2533
92108,1,2390
92108,1,3089
92108,1,2945
92108,1,2691
92109,1,2760
92109,1,2395
92109,1,2700
92109,1,2195
92109,1,3020
92109,1,2449
92109,1,2395
92110,1,2855
92110,1,2584
92110,1,2420
92110,1,2715
92110,1,2100
92110,1,2510
92110,1,2736
92111,1,2820
92111,1,2095
92111,1,2140
92111,1,2295
92111,1,3117
92111,1,2300
92111,1,2295
92111,1,2895
92111,1,2855
92111,1,3280
92111,1,2495
92111,1,2759
92111,1,2605
92111,1,2850
92112,1,2769
92112,1,3448
92112,1,2759
92112,1,2895
92112,1,2855
92112,1,2987
92112,1,3280
92113,1,2245
92113,1,1995
92113,1,1795
92113,1,2300
92113,1,1795
92113,1,1895
92113,1,1699
92113,1,2769
92113,1,2759
92113,1,2987
92113,1,3475
92113,1,2425
92113,1,2295
92113,1,2434
92114,1,1995
92114,1,3579
92114,1,1850
92114,1,1650
92114,1,1675
92114,1,2499
92114,1,3579
92114,1,2295
92114,1,2250
92114,1,1999
92114,1,1795
92114,1,1904
92115,1,2084
92115,1,2265
92115,1,2180
92115,1,2120
92115,1,1995
92115,1,2295
92115,1,1895
92116,1,2850
92116,1,3300
92116,1,2050
92116,1,2199
92116,1,2400
92116,1,1985
92116,1,2695
92117,1,2495
92117,1,1925
92117,1,2295
92117,1,2150
92117,1,2260
92117,1,2230
92117,1,1795
92117,1,2820
92117,1,2759
92117,1,2895
92117,1,2587
92117,1,2720
92117,1,2691
92117,1,2095
92118,1,3423
92118,1,6000
92118,1,5500
92118,1,4800
92118,1,2995
92118,1,4200
92118,1,7500
92118,1,2769
92118,1,3448
92118,1,2759
92118,1,2987
92118,1,3460
92118,1,3475
92118,1,3999
92119,1,2195
92119,1,1937
92119,1,2298
92119,1,2249
92119,1,2495
92119,1,1925
92119,1,2200
92119,1,2095
92119,1,2204
92119,1,2084
92119,1,2265
92119,1,2180
92119,1,2120
92119,1,2325
92120,1,2295
92120,1,2214
92120,1,2670
92120,1,2000
92120,1,2250
92120,1,2770
92120,1,2390
92120,1,2095
92120,1,2084
92120,1,2265
92120,1,2180
92120,1,2120
92120,1,2670
92120,1,2325
92121,1,2365
92121,1,2850
92121,1,2994
92121,1,3165
92121,1,3167
92121,1,3090
92121,1,2605
92121,1,2834
92122,1,3165
92122,1,2759
92122,1,2605
92122,1,2834
92122,1,2564
92122,1,2915
92122,1,2720
92123,1,2587
92123,1,2670
92123,1,2523
92123,1,2195
92123,1,2448
92123,1,2130
92123,1,2223
92123,1,2820
92123,1,3280
92123,1,2495
92123,1,2850
92123,1,2995
92123,1,2895
92123,1,2533
92124,1,2790
92124,1,2695
92124,1,2450
92124,1,2669
92124,1,2300
92124,1,2495
92124,1,2084
92124,1,2265
92124,1,2587
92124,1,2180
92124,1,2670
92124,1,2325
92124,1,2390
92126,1,2830
92126,1,2080
92126,1,2454
92126,1,2650
92126,1,2290
92126,1,2303
92126,1,2051
92126,1,2850
92126,1,2994
92126,1,3167
92126,1,2595
92126,1,2220
92126,1,2754
92126,1,2380
92127,1,2783
92127,1,2625
92127,1,2815
92127,1,2565
92127,1,2994
92127,1,2350
92127,1,2150
92127,1,2555
92127,1,2500
92128,1,2565
92128,1,2150
92128,1,2555
92128,1,2500
92128,1,2526
92128,1,2531
92128,1,2909
92128,1,2815
92128,1,2850
92128,1,3167
92128,1,2350
92128,1,2595
92128,1,2220
92128,1,2754
92129,1,2994
92129,1,2754
92129,1,2380
92129,1,2915
92129,1,2770
92129,1,2850
92129,1,2565
92129,1,2595
92129,1,2555
92129,1,2220
92129,1,2500
92129,1,2454
92130,1,3090
92130,1,3265
92130,1,3090
92130,1,3186
92130,1,2864
92130,1,2845
92130,1,3175
92130,1,2994
92130,1,3167
92130,1,2695
92130,1,3195
92130,1,2830
92130,1,2800
92130,1,2701
92131,1,2850
92131,1,3167
92131,1,2595
92131,1,2220
92131,1,3005
92131,1,2813
92131,1,1950
92131,1,2815
92131,1,2994
92131,1,1930
92131,1,2790
92131,1,2695
92131,1,2350
92131,1,2150
92132,1,3250
92132,1,2175
92132,1,4100
92132,1,2995
92132,1,4550
92132,1,4600
92134,1,1895
92134,1,2250
92134,1,1795
92134,1,2195
92135,1,2995
92135,1,2500
92135,1,4200
92135,1,3400
92135,1,5400
92135,1,3350
92135,1,3350
92136,1,1795
92136,1,1699
92136,1,1699
92136,1,1699
92136,1,1699
92136,1,1800
92136,1,2195
92137,1,2769
92137,1,3448
92137,1,2759
92137,1,2855
92137,1,2820
92137,1,2987
92137,1,3280
92138,1,2769
92138,1,3448
92138,1,2759
92138,1,2855
92138,1,2820
92138,1,2987
92138,1,3280
92139,1,2250
92139,1,1795
92139,1,3579
92139,1,2295
92139,1,1995
92139,1,1995
92139,1,3579
92139,1,1800
92139,1,2400
92140,1,2855
92140,1,2715
92140,1,2150
92140,1,2125
92140,1,2150
92142,1,2587
92142,1,2670
92142,1,2390
92142,1,2790
92142,1,2695
92142,1,2295
92142,1,2945
92143,1,2055
92143,1,2295
92143,1,2025
92143,1,2473
92143,1,2080
92143,1,2451
92143,1,1850
92149,1,2295
92149,1,3579
92149,1,2545
92149,1,2380
92149,1,2454
92149,1,3579
92149,1,2295
92150,1,2815
92150,1,2565
92150,1,2350
92150,1,2150
92150,1,2555
92150,1,2754
92150,1,2795
92153,1,2055
92153,1,2295
92153,1,2025
92153,1,2473
92153,1,2095
92153,1,2080
92153,1,2495
92154,1,2055
92154,1,2295
92154,1,1950
92154,1,2621
92154,1,1895
92154,1,2500
92154,1,2095
92154,1,2025
92154,1,2473
92154,1,2454
92154,1,2095
92154,1,2901
92154,1,2080
92154,1,2495
92159,1,2095
92159,1,2295
92159,1,1930
92159,1,2204
92159,1,2084
92159,1,2265
92159,1,1878
92160,1,2895
92160,1,2850
92160,1,2995
92160,1,2084
92160,1,2265
92160,1,2587
92160,1,2180
92163,1,2769
92163,1,3448
92163,1,2759
92163,1,2895
92163,1,2855
92163,1,2820
92163,1,2987
92165,1,2769
92165,1,2759
92165,1,2895
92165,1,2820
92165,1,3475
92165,1,2495
92165,1,3999
92166,1,2855
92166,1,2584
92166,1,2533
92166,1,2420
92166,1,2705
92166,1,2695
92166,1,2201
92167,1,2855
92167,1,2584
92167,1,2420
92167,1,2705
92167,1,2760
92167,1,2695
92167,1,2395
92168,1,2769
92168,1,3448
92168,1,2759
92168,1,2895
92168,1,2855
92168,1,2820
92168,1,2987
92169,1,2855
92169,1,2584
92169,1,2420
92169,1,2705
92169,1,2760
92169,1,2695
92169,1,2395
92170,1,2769
92170,1,3448
92170,1,2759
92170,1,2895
92170,1,2545
92170,1,2987
92170,1,3460
92171,1,2895
92171,1,2855
92171,1,2820
92171,1,3280
92171,1,2495
92171,1,3999
92171,1,2850
92172,1,2850
92172,1,2994
92172,1,2595
92172,1,2555
92172,1,2220
92172,1,2754
92172,1,2830
92173,1,2075
92173,1,1595
92173,1,1700
92173,1,1700
92173,1,1700
92173,1,1700
92173,1,1695
92173,1,2055
92173,1,1950
92173,1,2500
92173,1,2642
92173,1,1750
92174,1,2499
92174,1,2895
92174,1,2545
92174,1,2850
92174,1,3579
92174,1,2295
92174,1,2120
92175,1,2499
92175,1,2095
92175,1,2295
92175,1,2204
92175,1,3579
92175,1,2084
92175,1,2265
92176,1,2769
92176,1,3448
92176,1,2759
92176,1,2895
92176,1,2820
92176,1,2987
92176,1,3280
92177,1,3165
92177,1,2820
92177,1,2759
92177,1,2605
92177,1,2834
92177,1,2895
92177,1,2564
92178,1,2769
92178,1,3448
92178,1,2759
92178,1,2987
92178,1,3460
92178,1,3475
92178,1,3999
92179,1,2901
92179,1,2608
92179,1,2401
92179,1,2715
92179,1,2564
92179,1,2776
92179,1,2200
92191,1,2850
92191,1,2994
92191,1,3167
92191,1,2595
92191,1,2555
92191,1,2220
92191,1,2754
92192,1,3165
92192,1,3090
92192,1,2759
92192,1,2605
92192,1,2834
92192,1,2564
92192,1,2915
92193,1,2895
92193,1,2820
92193,1,3280
92193,1,2495
92193,1,2759
92193,1,2850
92193,1,2995
92195,1,2499
92195,1,2095
92195,1,3579
92195,1,2295
92195,1,2204
92195,1,3579
92195,1,2084
92196,1,2850
92196,1,2994
92196,1,3167
92196,1,2595
92196,1,2555
92196,1,2220
92196,1,2754
92198,1,2565
92198,1,2150
92198,1,2555
92198,1,2500
92198,1,2915
92198,1,2531
92198,1,2783
92536,1,2425
92536,1,2175
92536,1,1600
92536,1,2350
92536,1,1095
92536,1,1700
92536,1,1860
92672,1,2439
92672,1,2392
92672,1,2850
92672,1,2995
92672,1,2195
92672,1,2650
92672,1,2700
92672,1,3300
92672,1,2740
92672,1,2602
92672,1,2530
92672,1,2885
92672,1,2740
92672,1,1995
